USE `essentialmode`;

INSERT INTO `addon_account` (name, label, shared) VALUES
	('society_cardealer','Concessionnaire',1)
;

INSERT INTO `addon_inventory` (name, label, shared) VALUES
	('society_cardealer','Concesionnaire',1)
;

INSERT INTO `jobs` (name, label) VALUES
	('cardealer','Concessionnaire')
;

INSERT INTO `job_grades` (job_name, grade, name, label, salary, skin_male, skin_female) VALUES
	('cardealer',0,'recruit','Recrue',10,'{}','{}'),
	('cardealer',1,'novice','Novice',25,'{}','{}'),
	('cardealer',2,'experienced','Experimente',40,'{}','{}'),
	('cardealer',3,'boss','Patron',0,'{}','{}')
;

CREATE TABLE `cardealer_vehicles` (
	`id` int(11) NOT NULL AUTO_INCREMENT,
	`vehicle` varchar(255) NOT NULL,
	`price` int(11) NOT NULL,

	PRIMARY KEY (`id`)
);

CREATE TABLE `vehicle_sold` (
	`client` VARCHAR(50) NOT NULL,
	`model` VARCHAR(50) NOT NULL,
	`plate` VARCHAR(50) NOT NULL,
	`soldby` VARCHAR(50) NOT NULL,
	`date` VARCHAR(50) NOT NULL,

	PRIMARY KEY (`plate`)
);

CREATE TABLE `rented_vehicles` (
	`vehicle` varchar(60) NOT NULL,
	`plate` varchar(12) NOT NULL,
	`player_name` varchar(255) NOT NULL,
	`base_price` int(11) NOT NULL,
	`rent_price` int(11) NOT NULL,
	`owner` varchar(22) NOT NULL,

	PRIMARY KEY (`plate`)
);

CREATE TABLE `vehicle_categories` (
	`name` varchar(60) NOT NULL,
	`label` varchar(60) NOT NULL,

	PRIMARY KEY (`name`)
);

INSERT INTO `vehicle_categories` (name, label) VALUES
	('compacts','Compacts'),
	('coupes','Coupés'),
	('sedans','Sedans'),
	('sports','Sports'),
	('sportsclassics','Sports Classics'),
	('super','Super'),
	('muscle','Muscle'),
	('offroad','Off Road'),
	('suvs','SUVs'),
	('vans','Vans'),
	('motorcycles','Motos')
;

CREATE TABLE `vehicles` (
	`name` varchar(60) NOT NULL,
	`model` varchar(60) NOT NULL,
	`price` int(11) NOT NULL,
	`category` varchar(60) DEFAULT NULL,

	PRIMARY KEY (`model`)
);

INSERT INTO `vehicles` (`name`, `model`, `price`, `category`) VALUES
('Adder', 'adder', 900000, 'super'),
('Akuma', 'AKUMA', 37500, 'motorcycles'),
('Alpha', 'alpha', 60000, 'sports'),
('Ardent', 'ardent', 1150000, 'sportsclassics'),
('Asea', 'asea', 15500, 'sedans'),
('Autarch', 'autarch', 1955000, 'super'),
('Avarus', 'avarus', 88000, 'motorcycles'),
('Bagger', 'bagger', 23500, 'motorcycles'),
('Baller', 'baller2', 40000, 'suvs'),
('Baller Sport', 'baller3', 60000, 'suvs'),
('Banshee', 'banshee', 70000, 'sports'),
('Banshee 900R', 'banshee2', 105000, 'super'),
('Bati 801', 'bati', 40000, 'motorcycles'),
('Bati 801RR', 'bati2', 49000, 'motorcycles'),
('Bestia GTS', 'bestiagts', 155000, 'sports'),
('BF400', 'bf400', 46500, 'motorcycles'),
('BF Benito', 'bfbenito', 135000, 'import'),
('Bf Injection', 'bfinjection', 16000, 'offroad'),
('Bifta', 'bifta', 22000, 'offroad'),
('Bison', 'bison', 45000, 'vans'),
('Blade', 'blade', 25000, 'muscle'),
('Blazer', 'blazer', 36500, 'offroad'),
('Blazer Sport', 'blazer4', 45500, 'offroad'),
('blazer5', 'blazer5', 1750000, 'offroad'),
('Blista', 'blista', 13000, 'compacts'),
('Blista Old', 'blista2', 8000, 'compacts'),
('BMX (velo)', 'bmx', 1500, 'motorcycles'),
('Bobcat XL', 'bobcatxl', 32000, 'vans'),
('Bobcat Crew', 'bobcatxl3', 42000, 'import'),
('Bodhi', 'bodhi2', 55000, 'offroad'),
('Brawler', 'brawler', 45000, 'offroad'),
('Brioso R/A', 'brioso', 38000, 'compacts'),
('Btype', 'btype', 620000, 'sportsclassics'),
('Btype Hotroad', 'btype2', 1550000, 'sportsclassics'),
('Btype Luxe', 'btype3', 850000, 'sportsclassics'),
('Buccaneer', 'buccaneer', 18000, 'muscle'),
('Buccaneer Rider', 'buccaneer2', 54000, 'muscle'),
('Buffalo', 'buffalo', 32000, 'sports'),
('Buffalo S', 'buffalo2', 40000, 'sports'),
('Buffalo HellFire', 'buffaloh', 165000, 'import'),
('Bullet', 'bullet', 190000, 'super'),
('Burrito', 'burrito3', 19000, 'vans'),
('Camper', 'camper', 42000, 'vans'),
('Carbonizzare', 'carbonizzare', 175000, 'sports'),
('Carbon RS', 'carbonrs', 48000, 'motorcycles'),
('Casco', 'casco', 230000, 'sportsclassics'),
('Cavalcade', 'cavalcade2', 55000, 'suvs'),
('Cheburek', 'cheburek', 50000, 'sportsclassics'),
('Cheetah', 'cheetah', 375000, 'super'),
('Chimera', 'chimera', 40000, 'motorcycles'),
('Chino', 'chino', 22000, 'muscle'),
('Chino Luxe', 'chino2', 39000, 'muscle'),
('Cliffhanger', 'cliffhanger', 49500, 'motorcycles'),
('Clique', 'clique', 185000, 'sportsclassics'),
('Cognoscenti Cab', 'cogcabrio', 55000, 'coupes'),
('Cognoscenti', 'cognoscenti', 75000, 'sedans'),
('Comet', 'comet2', 165000, 'sports'),
('Comet RC', 'comet3', 195000, 'sports'),
('Comet 4x4', 'comet4', 225000, 'sports'),
('Comet 5', 'comet5', 1145000, 'sports'),
('Contender', 'contender', 70000, 'suvs'),
('Coquette', 'coquette', 65000, 'sports'),
('Coquette Classic', 'coquette2', 400000, 'sportsclassics'),
('Coquette BlackFin', 'coquette3', 55000, 'muscle'),
('Cruiser (velo)', 'cruiser', 3500, 'motorcycles'),
('Cyclone', 'cyclone', 1890000, 'super'),
('Daemon', 'daemon', 15500, 'motorcycles'),
('Daemon High', 'daemon2', 33500, 'motorcycles'),
('Defiler', 'defiler', 49000, 'motorcycles'),
('Deluxo', 'deluxo', 4721500, 'sportsclassics'),
('Deveste', 'deveste', 480000, 'super'),
('Deviant', 'deviant', 135000, 'muscle'),
('Dilettante', 'dilettante', 10000, 'compacts'),
('Dominator', 'dominator', 35000, 'muscle'),
('Dominator Race', 'dominator2', 35000, 'muscle'),
('Dominator GTX', 'dominator3', 55000, 'muscle'),
('Double T', 'double', 48000, 'motorcycles'),
('Dubsta', 'dubsta', 65000, 'suvs'),
('Dubsta Luxuary', 'dubsta2', 80000, 'suvs'),
('Dubsta 6x6', 'dubsta3', 180000, 'offroad'),
('Dukes', 'dukes', 48000, 'muscle'),
('Dune Buggy', 'dune', 55000, 'offroad'),
('Elegy RE', 'elegy', 78500, 'sportsclassics'),
('Elegy', 'elegy2', 48500, 'sports'),
('Emperor', 'emperor', 8500, 'sedans'),
('Enduro', 'enduro', 19500, 'motorcycles'),
('Entity XF', 'entityxf', 825000, 'super'),
('Esskey', 'esskey', 34000, 'motorcycles'),
('Exemplar', 'exemplar', 70000, 'coupes'),
('F620', 'f620', 45000, 'coupes'),
('Faction', 'faction', 20000, 'muscle'),
('Faction Rider', 'faction2', 50000, 'muscle'),
('Faction XL', 'faction3', 40000, 'muscle'),
('Faggio', 'faggio', 3000, 'motorcycles'),
('Vespa', 'faggio2', 4000, 'motorcycles'),
('Felon', 'felon', 47000, 'coupes'),
('Felon GT', 'felon2', 57000, 'coupes'),
('Feltzer', 'feltzer2', 55000, 'sports'),
('Stirling GT', 'feltzer3', 650000, 'sportsclassics'),
('Fixter (velo)', 'fixter', 2000, 'motorcycles'),
('Flatbed', 'flatbed', 20000, 'vans'),
('FMJ', 'fmj', 785000, 'super'),
('Fhantom', 'fq2', 17000, 'suvs'),
('Fugitive', 'fugitive', 18000, 'sedans'),
('Furore GT', 'furoregt', 145000, 'sports'),
('Fusilade', 'fusilade', 60000, 'sports'),
('Futo', 'futo', 50000, 'sportsclassics'),
('Gargoyle', 'gargoyle', 76500, 'motorcycles'),
('Gauntlet', 'gauntlet', 30000, 'muscle'),
('Gauntlet Classic', 'gauntletc', 110000, 'import'),
('Gang Burrito', 'gburrito', 45000, 'vans'),
('Burrito', 'gburrito2', 29000, 'vans'),
('Glendale', 'glendale', 36500, 'sedans'),
('Granger', 'granger', 50000, 'suvs'),
('Gresley', 'gresley', 47500, 'suvs'),
('Gresley HB', 'gresleyh', 57500, 'import'),
('GT 500', 'gt500', 785000, 'sportsclassics'),
('Guardian', 'guardian', 45000, 'offroad'),
('Hakuchou', 'hakuchou', 41000, 'motorcycles'),
('Hakuchou Sport', 'hakuchou2', 55000, 'motorcycles'),
('Hermes', 'hermes', 235000, 'muscle'),
('Hexer', 'hexer', 42000, 'motorcycles'),
('Hotknife', 'hotknife', 125000, 'muscle'),
('Huntley S', 'huntley', 40000, 'suvs'),
('Hustler', 'hustler', 425000, 'muscle'),
('Impaler', 'impaler', 70000, 'muscle'),
('Impaler 2', 'Impaler2', 270000, 'muscle'),
('Imperator', 'imperator', 130000, 'muscle'),
('Infernus', 'infernus', 180000, 'super'),
('Infernus C', 'infernus2', 1150000, 'import'),
('Innovation', 'innovation', 23500, 'motorcycles'),
('Intruder', 'intruder', 27500, 'sedans'),
('Issi', 'issi2', 15000, 'compacts'),
('Issi Classic', 'issi3', 18000, 'compacts'),
('Jackal', 'jackal', 38000, 'coupes'),
('Jester', 'jester', 165000, 'sports'),
('Jester(Racecar)', 'jester2', 235000, 'sports'),
('Jester C', 'jester3', 265000, 'sportsclassics'),
('Journey', 'journey', 36500, 'vans'),
('Kamacho', 'kamacho', 345000, 'offroad'),
('Khamelion', 'khamelion', 1138000, 'sports'),
('Kuruma', 'kuruma', 40000, 'sports'),
('BF LadyBird', 'ladybird6str', 70000, 'import'),
('Landstalker', 'landstalker', 35000, 'suvs'),
('RE-7B', 'le7b', 2325000, 'super'),
('Lynx', 'lynx', 140000, 'sports'),
('Mamba', 'mamba', 270000, 'sports'),
('Manana', 'manana', 22500, 'sportsclassics'),
('Manchez', 'manchez', 23500, 'motorcycles'),
('Massacro', 'massacro', 100000, 'sports'),
('Massacro(Racecar)', 'massacro2', 130000, 'sports'),
('Mesa', 'mesa', 36000, 'suvs'),
('Mesa Trail', 'mesa3', 140000, 'suvs'),
('Minivan', 'minivan', 13000, 'vans'),
('Monroe', 'monroe', 550000, 'sportsclassics'),
('Monroe Custom', 'monroec', 700000, 'import'),
('The Liberator', 'monster', 210000, 'offroad'),
('Moonbeam', 'moonbeam', 18000, 'vans'),
('Moonbeam Rider', 'moonbeam2', 85000, 'vans'),
('Nemesis', 'nemesis', 15500, 'motorcycles'),
('Neon', 'neon', 500000, 'sports'),
('Nero', 'nero', 1160000, 'super'),
('Nero C', 'nero2', 1260000, 'super'),
('Nightblade', 'nightblade', 65000, 'motorcycles'),
('Nightshade', 'nightshade', 65000, 'muscle'),
('9F', 'ninef', 65000, 'sports'),
('9F Cabrio', 'ninef2', 80000, 'sports'),
('Omnis', 'omnis', 235000, 'sports'),
('Oracle', 'oracle', 35000, 'coupes'),
('Osiris', 'osiris', 160000, 'super'),
('Panto', 'panto', 11000, 'compacts'),
('Paradise', 'paradise', 19000, 'vans'),
('Pariah', 'pariah', 1420000, 'sports'),
('Patriot', 'patriot', 55000, 'suvs'),
('PCJ-600', 'pcj', 16000, 'motorcycles'),
('Penumbra', 'penumbra', 28000, 'sports'),
('Pfister', 'pfister811', 2085000, 'super'),
('Phoenix', 'phoenix', 42500, 'muscle'),
('Picador', 'picador', 28000, 'muscle'),
('Pigalle', 'pigalle', 70000, 'sportsclassics'),
('Prairie', 'prairie', 12000, 'compacts'),
('Premier', 'premier', 8000, 'sedans'),
('Primo Custom', 'primo2', 44000, 'sedans'),
('X80 Proto', 'prototipo', 2500000, 'super'),
('Radius', 'radi', 29000, 'suvs'),
('raiden', 'raiden', 375000, 'sports'),
('Rapid GT', 'rapidgt', 75000, 'sports'),
('Rapid GT Convertible', 'rapidgt2', 85000, 'sports'),
('Rapid GT3', 'rapidgt3', 485000, 'sportsclassics'),
('Reaper', 'reaper', 550000, 'super'),
('Rebel', 'rebel2', 35000, 'offroad'),
('Regina', 'regina', 5000, 'sedans'),
('Retinue', 'retinue', 615000, 'sportsclassics'),
('Revolter', 'revolter', 1600000, 'sports'),
('Rhapsody', 'rhapsody', 6000, 'compacts'),
('riata', 'riata', 80000, 'offroad'),
('Rocoto', 'rocoto', 45000, 'suvs'),
('Ruffian', 'ruffian', 18000, 'motorcycles'),
('Rumpo', 'rumpo', 25000, 'vans'),
('Rumpo Trail', 'rumpo3', 109500, 'vans'),
('Ruston', 'ruston', 600000, 'sports'),
('Sabre Turbo', 'sabregt', 45000, 'muscle'),
('Sabre GT', 'sabregt2', 55000, 'muscle'),
('Sanchez', 'sanchez', 28500, 'motorcycles'),
('Sanchez Sport', 'sanchez2', 35300, 'motorcycles'),
('Sanctus', 'sanctus', 225000, 'motorcycles'),
('Sandking', 'sandking', 165000, 'offroad'),
('Sandking 2', 'sandking2', 170000, 'offroad'),
('Savestra', 'savestra', 90000, 'sportsclassics'),
('SC 1', 'sc1', 1603000, 'super'),
('Schafter', 'schafter2', 90000, 'sedans'),
('Schafter V12', 'schafter3', 165000, 'sports'),
('Schlagen', 'schlagen', 450000, 'sports'),
('Scorcher (velo)', 'scorcher', 3000, 'motorcycles'),
('Seminole', 'seminole', 25000, 'suvs'),
('Sentinel', 'sentinel', 32000, 'coupes'),
('Sentinel XS', 'sentinel2', 40000, 'coupes'),
('Sentinel3', 'sentinel3', 150000, 'sportsclassics'),
('Seven 70', 'seven70', 179500, 'sports'),
('ETR1', 'sheava', 220000, 'super'),
('Shotaro Concept', 'shotaro', 320000, 'motorcycles'),
('SlamVan', 'slamvan2', 101500, 'muscle'),
('Slam Van', 'slamvan3', 111500, 'muscle'),
('Sovereign', 'sovereign', 22000, 'motorcycles'),
('Spritzer', 'spritzer', 180000, 'import'),
('Stafford', 'stafford', 500000, 'sportsclassics'),
('Stratum', 'stratum', 25000, 'sedans'),
('Stinger', 'stinger', 800000, 'sportsclassics'),
('Stinger GT', 'stingergt', 750000, 'sportsclassics'),
('Streiter', 'streiter', 145000, 'sports'),
('Stretch', 'stretch', 90000, 'sedans'),
('Sultan', 'sultan', 35000, 'sports'),
('Sultan RS', 'sultanrs', 165000, 'super'),
('Sultan RS2', 'sultanrs2', 170000, 'super'),
('Sultan RS3', 'sultanrs3', 175000, 'super'),
('Sultan RS4', 'sultanrs4', 180000, 'super'),
('Super Diamond', 'superd', 130000, 'sedans'),
('Surano', 'surano', 950000, 'sports'),
('Surano 2', 'suranoh', 1100000, 'sports'),
('Surfer', 'surfer', 32000, 'vans'),
('Swinger', 'swinger', 1020000, 'sportsclassics'),
('T20', 't20', 400000, 'super'),
('Tailgater', 'tailgater', 30000, 'sedans'),
('Tampa', 'tampa', 46000, 'muscle'),
('Drift Tampa', 'tampa2', 280000, 'sports'),
('Tampa Custom', 'tampar', 90000, 'import'),
('Thrust', 'thrust', 25000, 'motorcycles'),
('Torero', 'torero', 900000, 'sportsclassics'),
('Toros', 'toros', 360000, 'suvs'),
('Tri bike (velo)', 'tribike3', 5500, 'motorcycles'),
('Trophy Truck', 'trophytruck', 360000, 'offroad'),
('Trophy Truck Limited', 'trophytruck2', 380000, 'offroad'),
('Tropos', 'tropos', 95000, 'sports'),
('Tulip', 'tulip', 66000, 'muscle'),
('Turismo C', 'turismo2', 950000, 'sportsclassics'),
('Turismo R', 'turismor', 350000, 'super'),
('Tyrus', 'tyrus', 600000, 'super'),
('Vacca', 'vacca', 220000, 'super'),
('Vader', 'vader', 13000, 'motorcycles'),
('Vamos', 'vamos', 52500, 'muscle'),
('Verlierer', 'verlierer2', 70000, 'sports'),
('Vigero', 'vigero', 32500, 'muscle'),
('Virgo', 'virgo', 24000, 'muscle'),
('Viseris', 'viseris', 875000, 'sportsclassics'),
('Visione', 'visione', 2250000, 'super'),
('Voltic', 'voltic', 490000, 'super'),
('Voodoo', 'voodoo', 37000, 'muscle'),
('Vortex', 'vortex', 49500, 'motorcycles'),
('Warrener', 'warrener', 40000, 'sedans'),
('Washington', 'washington', 19000, 'sedans'),
('Windsor', 'windsor', 95000, 'coupes'),
('Windsor Drop', 'windsor2', 125000, 'coupes'),
('Woflsbane', 'wolfsbane', 39000, 'motorcycles'),
('XA-21', 'xa21', 1700000, 'super'),
('XLS', 'xls', 32000, 'suvs'),
('Yosemite', 'yosemite', 185000, 'muscle'),
('Youga', 'youga', 20800, 'vans'),
('Youga Luxuary', 'youga2', 24500, 'vans'),
('Z190', 'z190', 900000, 'sportsclassics'),
('Zentorno', 'zentorno', 1500000, 'super'),
('Zion', 'zion', 40000, 'coupes'),
('Zion Cabrio', 'zion2', 45000, 'coupes'),
('Zombie', 'zombiea', 39500, 'motorcycles'),
('Zombie Luxuary', 'zombieb', 50000, 'motorcycles'),
('ZR 380C', 'zr380c', 160000, 'import'),
('ZR 380S', 'zr380s', 135000, 'import'),
('Z-Type', 'ztype', 1220000, 'sportsclassics'),
('Caracara 4x4', 'cara', 335000, 'import');
